"smontarsi","vr. (scoraggiarsi) to lose heart; essersi smontato"
"girare","vt. (chiave, testa, occhi) to turn; (percorrere, visitare) to go around; vi. to turn; (andare in giro) to wander, go around; avere girato"
"il pattino","m. skate"
"in tendenza","agg. trending"
"la bolla","f. bubble"
"l'abbonamento","m. (subscription) contratto per cui, mediante il pagamento di un importo, si ha il diritto di ricevere un servizio per un determinato periodo di tempo"
"l'abbonato","m. <f. abbonata> (subscriber) chi usufruisce di un abbonamento"
"abbordabile","agg. di facile abbordo | _fig._ (approachable: uomo, personaggio) avvicinabile | (accessibile: prezzo, spesa) accessibile, che ci si può permettere"
"abbordare","v. tr. _mar._ (to board a ship) avvicinarsi di bordo | (to collide with a ship) venire a collisione con altra nave per incidente, errore, maltempo, ecc. | (to capture a ship) avvicinarsi al bordo di un'altra nave allo scopo di impadronirsene con la forza; _est._ (to accost) farsi incontro a una persona, cogliendola alla sprovvista, per attaccare discorso; _fig._ (to approach) affrontare qlco. con decisione e risolutezza"
"abbracciare","v. tr. (to hug) cingere e chiudere tra le braccia | _fig._ racchiudere, comprendere | _est._ circondare; fig. (to wrap, surround) includere, contenere; (to embrace) accettare, seguire incondizionatamente | intraprendere, scegliere"
"accattivante","agg. (captivating, appealing, eye-catching) che conquista il favore, la benevolenza, la simpatia e sim. degli altri"
"accavallare","v. tr. (to cross, overlap) porre due o più cose una sull'altra"
"l'accendino","m. piccolo apparecchio a scintilla per accendere spec. sigarette e sigari"
"l'acciaio","m. (steel) lega composta da ferro e da una quantità di carbonio inferiore all'1,9%, prodotta allo stato fuso dalla ghisa; è dotato di particolari proprietà di resistenza meccanica, elasticità, durezza"
"accollarsi","v. tr. pron. (to bear, shoulder) addossarsi, assumere a proprio carico qlco. di gravoso"
"accolto","welcomed"
"addirittura","avv. (even, absolutely) perfino, senz'altro | _enf._ (no less) nientedimeno; (directly) direttamente"
"addosso","avv. (all over) sulle spalle, sul dorso, sulla persona; nell'animo, in corpo"
"affidare","v. tr. (entrust) dare, consegnare alla cura, alla custodia, alla capacità e sim., di una persona fidata"
"affidarsi (a)","v. rifl. (to rely on, trust) mettersi con fiducia nelle mani di qlcu. o confidare in qlco."
"affollato","agg. (crowded, busy) gremito di gente, di folla"
"affondare","v. tr. mandare a fondo, inabissare | colare a fondo | _fig._ far fallire, affossare; far penetrare a fondo"
"affondato","sunk"
"agganciare","hook"
"agganciato","hooked"
"agghiacciante","chilling"
"l'aggiornamento","m. (adjournment, recess) dilazione, rinvio; (update) revisione, completamento di un'opera, di una pratica, di un archivio e sim. in base alle conoscenze più recenti |evisione, completamento in base alle conoscenze più recente | modifica, aggiunta; "
"aggiornare","v. tr. (to postpone, put off) rimandare ad altra data; (to update) informare, mettere al corrente | rinnovare, mettere in pari | (to revise: i prezzi) adeguare, ritoccare; rivedere, rielaborare un'opera, un catalogo, un archivio e sim. in modo da renderli adeguati alle esigenze attuali"
"aggiornarsi","v. rifl. (to keep o.s. up to date) mettersi, tenersi al corrente, spec. per quanto riguarda la propria preparazione culturale e professionale"
"aggirare","vt. (evitare) to bypass, circumvent, get around; avere aggirato"
"aggiudicarsi","vr. (premio, merito) to win, be awarded; essersi aggiudicato"
"aggrapparsi (a)","vr. to cling (to); hold on (to); essersi aggrapato"
"agire","act"
"al di là di tutto","beyond all"
"al di là","beyond"
"alimentare","vt. (nutrire) to feed, nourish, fuel; fig. to incite, provoke; avere alimentato"
"alla base di","behind"
"alla mano","approachable"
"ambientarsi (in)","vr. (abituarsi ad ambiente nuovo) to settle down, settle in | essersi ambientato"
"ammettere la sconfita","v. to admit defeat"
"ammirare","vt. to admire, appreciate; avere amirato"
"ammucchiarsi","pile up"
"andare a ruba","flying off the shelves"
"andare pazza","go crazy"
"angosciante","distressing"
"annoiato","bored"
"annuire","nod"
"ansiogeno","anxiety-inducing"
"appaltatori","contractors"
"apparecchiare","set"
"l'apparecchio","m. strumento semplice o complesso, progettato e costruito per specifiche realizzazioni"
"appoggiare","support"
"apprendimento","learning"
"l'apprendimento","m. (learning) acquisizione di nuove conoscenze"
"l'apprendista","m. e f. <m. pl. apprendisti> (apprentice; helper) chi si avvia all'apprendimento di un mestiere"
"approfondire","vt. <approfondisco> fig. (rendere (più) profondo: divario) to deepen; fig. (studiare a fondo: materia, tecnica) to go into great depth"
"appuntare","pin"
"arenarsi","vr. (nave) to run aground; fig. to come to a standstill; essersi arenato"
"arrangiarsi","vr. (cavarsela) to make do; manage; essersi arrangiato"
"arredato","furnished"
"arrendersi","surrender"
"arricchire","enrich"
"arrugginire","vt. to rust; avere arrugginito; vi. to rust, get rusty; essere arrugginito"
"in ascesa","on the rise"
"asciutto","adj. dry; curt, abrupt; (corpa) lean, thin"
"assaggiare","taste"
"assegnare un compito/una mansione","v. to assign a task"
"assegnare","vt. (compito, mansione) to assign, allocate; avere assegnato"
"assembramento","gathering"
"assieme a","with"
"assistere","assist"
"assistito","witnessed"
"assumere il ruolo (di)","v. to assume the role (of), take the job (of)"
"assumere","vt. to take on, assume; employ, hire; avere assunto"
"assumersi","take"
"l'atteggiamento","m. (attitude, demeanor) modo di atteggiare la persona, di disporsi; (behavior) comportamento, espressione"
"attic","soffitta"
"attraente","attractive"
"l'attrattiva","f. (attraction) capacità di attrarre"
"attrattivo","adj. attractive"
"l'auricolare","m. (earbud) accessorio degli apparecchi radioriceventi o di riproduzione del suono che, applicato all'orecchio, ne consente l'ascolto individuale"
"autoironico","adj. self-mocking"
"avere a che fare con","have something to do with"
"avere le carte in regola","have the right cards"
"avvenire","take place"
"avventore","customer"
"avviare","start"
"avviare","vt. to send, refer; to start, launch; avere avviato"
"azzardato","adj. rash, risky"
"azzeccato","right"
"bagaglio","baggage"
"baita","cabin"
"banale","trivial"
"la bancarella","f. (stall, stand) carretto o banco di vendita all'aperto di merci varie"
"il bancario","m. <f. bancaria> (bank employee) chi è impiegato in una banca"
"il banchiere","m. (banker) chi esercita l'attività bancaria"
"bancone","counter"
"barbabietola","beet"
"il barbiere","m. (barber) chi per mestiere taglia e rade la barba e i capelli dell'uomo"
"in base a","prep. (based on, on the basis of, depending on) sulla base di, sul fondamento di, tenendo conto di"
"basito","thrilled"
"bidone","bin"
"bocciare","vt. to reject; (qualcuno) to fail, flunk; avere bocciato"
"la bomboletta","f. <diminutivo di bombola> (small cylinder; spray can) recipiente di metallo a forma cilindrica destinato a contenere gas compressi o liquidi"
"bonifico","transfer"
"botta di fortuna","stroke of luck"
"il braccialetto","m. <diminutivo di bracciale> (small bracelet; wristlet) ornamento, per lo più prezioso, a forma di cerchio, che si porta al polso"
"branco","pack"
"briciola","crumb"
"brodo","broth"
"brufolo","pimple"
"bruscolino","smidge"
"buffo","adj. funny, comical; odd, goofy"
"bugiardo","adj. (falso, insincero) lying, false"
"di buon passo","at a good pace"
"cadenza","cadence"
"caminetto","fireplace"
"camino","fireplace"
"cammino","path"
"campione","sample"
"candela","candle"
"candidarsi","vr. to nominate o.s. as a candidate, apply; essersi candidato"
"cannuccia","straw"
"il capestro","m. (noose) fune dotata di cappio scorsoio usata per impiccare; (halter) fune o cavezza con cui si legano le bestie"
"capigliatura","hair"
"la cappotta","f. (convertible hood) telo impermeabile o altra struttura flessibile per coprire auto, moto, barche"
"la carta d'imbarco","f. (boarding pass) documento rilasciato dopo il check-in  che il passeggero deve consegnare al momento dell'imbarco"
"cartaceo","adj. (di carta) paper, printed"
"casalinga","housewife"
"casalingo","home"
"cassetta","box"
"cassetto","drawer"
"il catrame","m. (tar, coal tar) sostanza nera, vischiosa, prodotta nella distillazione secca dei carboni fossili o del legno viene usato come impermeabilizzante"
"centellinare","vt. (sorseggiare) to sip; to savor; avere centellinato"
"cercare in lungo e in largo","v. to search far and wide"
"che fa sì","that makes"
"che senso ha","what's the point"
"chiedere un prestito","apply for a loan"
"la ciabatta","f. (sandal, flip-flip) pantofola, pianella; (flat bread) tipo di pane croccante; (power strip) dispositivo di forma piatta e allungata con prese elettriche multiple"
"il ciccione","m. (fatty) colloq. persona molto grassa"
"cicciotto","chubby"
"la cifra","f. (numeral) uno dei segni combinando i quali si può scrivere qualsiasi numero naturale; (figure, sum) numero | somma di denaro; (code, cipher) codice segreto utilizzato per rendere un messaggio inintelligibile"
"ciliegia","cherry"
"coccolare","pamper"
"la coda","f. (tail) prolungamento della colonna vertebrale; parte posteriore o estremità terminale di qlco; (queue, line) fila ordinata di persone che aspettano il loro turno"
"cogliere","vt.  (fiore, frutto) to pick, gather; fig. (momento, opportuno, occasione) to seize, take, grasp; avere colto"
"coinvolgente","engaging"
"il colloquio","m. (converation, talk) abboccamento o conversazione fra due o più persone | dialogo per raggiungere un'intesa; (interview) una fase della selezione dei candidati a una determinata mansione nell'ambito del lavoro"
"colonna","column"
"il colore","m. (color) la percezione visiva delle varie radiazioni elettromagnetiche; sostanza usata per dipingere, tingere, e sim.; fig. (character) aspetto, carattere"
"la colpa","(fault, blame, guilt) responsabilità conseguente a un'azione, a un comportamento che contravviene a una norma morale, etica, religiosa, o giuridica"
"il colpevole","m. (culprit) che è in colpa, che è responsabile di una colpa o di un reato"
"colpo di scena","twist"
"di colpo","suddenly"
"come non detto","never mind"
"comparire","appear"
"compartimentare","vt. to compartmentalize, partition; avere compartimentato"
"in compenso","on the other hand"
"il compito","m. (job, task) lavoro da eseguire | incarico, dovere, mansione; (homework, assignment) esercizio scolastico da svolgere a casa o a scuola"
"concedersi","enjoy"
"confezione","packaging"
"il confine","m. (border) linea che circoscrive una proprietà immobiliare o il territorio di uno Stato o di una regione; anche fig. (boundary, limit) termine, fine, limite"
"consapevole (di)","adj. aware (of), conscious (of)"
"consegnare","deliver"
"consegnare","vt. (dare, riconsegnare) to give, hand over; devliver, drop off; avere consegnato"
"consigliare a qn di fare qc","v. to advise sb to do sth"
"constatare","see"
"contrattempo","setback"
"la controtendenza","f. (opposing trend, countertrend) tendenza che si oppone a quella dominante"
"convenire","agree"
"convincere qu di qc","to convince sb of sth"
"convincere","vt. (persuadere) to convince, persuade; avere convinto"
"convincersi (di)","vr. to convince o.s. (of); essersi convinto"
"la copertina flessibile","f. (libro) flexible binding; softcover"
"la copertina rigida","f. (libro) rigid binding; hardcover"
"il cordolo","m. (curb) lieve rialzo del piano stradale in cemento o altro materiale che delimita i sensi di marcia o le corsie preferenziali"
"la cornice","f. (frame) telaio di legno o altro materiale dove s'incastrano quadri o specchi | (cornice) membratura sporgente utilizzato di un edificio per inquadrare finestre o porte; ciò che delimita, abbellisce o caratterizza qlco."
"di corsa","racing"
"a costo di sembrare","at the risk of sounding"
"a costo di","at the price of"
"cozze","mussels"
"il crimine","m. (crime) illecito penale"
"le crisi","f. pl. <inv> (seizure, fit) accesso, fase acuta di una malattia | periodo di tempo in cui si verifica una crisi; (crisis) fase della vita particolarmente difficile da superare e suscettibile di sviluppi più o meno gravi"
"crocera","cruise"
"crollato","collapsed"
"la cronaca","f. (chronicle) correntemente, resoconto, descrizione particolareggiata di fatti o avvenimenti; (news, column) rubrica giornalistica sugli eventi nazionali e internazionali di maggior interesse"
"cucire","v. (also fig.) to sew; avere cucito"
"il cuoio","m. (leather) pelle degli animali resa inalterabile con la concia:"
"curatissimo","well-kept"
"custode","guardian"
"d'altro canto","on the other hand"
"d'ora in poi","from now on"
"da questa parte","this way"
"dannoso","adj. harmful"
"dannoso","harmful"
"dare del filo da torcere","give a hard time"
"darsi da fare (a)","v. to get busy, to make efforts"
"la decappottabile","f. (convertible) che si può decappottare"
"la decisione","f. (decision) deliberazione, risoluzione, scelta"
"la dedica","f. (dedication) il dedicare | frase scritta con cui si offre o si destina espressamente a qlcu. un'opera, un ritratto, o una fotografia"
"la degenza","f. (a stay in hospital) periodo di permanenza di un ammalato in letto"
"degrado","degradation"
"la degustazione","f. (sampling, tasing) il degustare | assaggio di cibi, olii o altri prodotti"
"la delicatezza","f. (delicacy) caratteristica di chi (o di ciò che) è delicato | (frailty) fragilità; (gentleness) gentilezza di sentimenti, di maniere | discrezione | (tactfulness) riguardo, tatto"
"detto ciò","said"
"dichiarazione","declaration"
"il dinosauro","m. (dinosaur) ogni rettile estinto dei Dinosauri"
"dipendente","employee"
"dirigersi","head"
"disattivare","vt. to deactivate, defuse; to disable"
"in discesa","adv. (downhill) che scende"
"in discesa","downhill"
"la discesa","f. (descent) il discendere, lo scendere | (downhill) movimento verso il basso | fig. diminuzione, calo; (slope) china, pendio"
"il disegno","m. (drawing) rappresentazione con linee e segni di figure immaginate o di oggetti reali; (design) progetto per la realizzazione o la produzione di qlco.; fig. intenzione, proposito, progetto"
"dispositivo","device"
"disturbi alimentari","eating disorders"
"diverso da","prep. other than; different from"
"divulgare","vt. to divulge, disclose; to popularize; avere divulgato"
"emmettere","emit"
"emotivo","emotional"
"ennesimo","adj. nth; fig. umpteenth"
"l'equipaggio","m. (crew: boat, airplane) insieme delle persone che provvedono alla guida e al funzionamento di vari mezzi di locomozione"
"esagerato","exaggerated"
"l'esigenza","f. (necessity, requirement) necessità | pl. (need) bisogno, richiesta | pl. (demand) pretese"
"esilarante","adj. hilarious; exhilarating"
"espirare","vi. to breathe out, exhale; avere espirato"
"essere portati per qualcosa","be carried away by something"
"estivo","summer"
"etichetta","label"
"evacuare","vt. to evacuate, empty out, (dal corpo) expel; vi. to evacuate, defecate; avere evacuato"
"evadere","escape"
"faccenda","thing"
"fagiolo","bean"
"fai da te","n. m. <inv> do-it-youself"
"far passare","pass"
"far ridere","to be funny"
"fare a meno di","can't help but"
"fare a meno di","v. do without"
"fare a pezzi","tear apart"
"fare apposta","vt. to do on purpose"
"fare fuori","take out"
"fare manutenzione","do maintenance"
"fare parte","be part"
"fare un colloquio","vi. (lavoro) interview"
"fare un esempio","give an example"
"fare una gita","trip"
"farfalone","sleeping around"
"farsene","use for"
"farsi","get"
"la fatica","f. (effort) sforzo che si sostiene per compiere qlco. di particolarmente impegnativo | (tiredness, fatigue) la stanchezza che ne deriva | (labor, toil) lavoro fisico o mentale che costa sforzo e stanca; fig. pena, difficoltà" 
"feccia","scums"
"il fenomeno","m. (phenomenon) tutto ciò che può essere osservato e studiato attraverso una conoscenza diretta; colloq. persona o cosa straordinaria"
"ferocità","ferocity"
"la ferramenta","f. <inv> elemento metallico di un manufatto; (hardware) assortimento di oggetti, arnesi e sim. di ferro"
"il ferramenta","m. <inv> (hardware store) negozio in cui si vendono tali oggetti fatti di ferro"
"fiammifero","match"
"fianco","side"
"fiero","proud"
"la fila","f. (line) insieme di persone o cose disposte una dopo l'altra | (row) in un teatro o in un cinema, serie trasversale di poltrone; serie continua"
"fin da subito","immediately"
"il finestrino","m. <diminutivo di finestra> (small window: car, plane, boat) apertura per aerazione e illuminazione"
"finire","vt. to finish; avere finito; to finish; vi. to end (up); essere finito"
"fino a quando","until"
"fiutare","vt. to smell or sniff; avere fiutato"
"la folla","f. (crowd) quantità di gente riunita insieme; (mob) gente, massa; (multitude) gran numero di cose"
"la follia","f. (madness, insanity, craziness) comunemente, stato di alienazione mentale, pazzia, demenza | (folly, foolishness) mancanza di raziocinio, sconsideratezza; atto sconsiderato, temerario, avventato"
"fondare","found"
"food poisoning","intossicazione alimentare"
"formazione","training"
"fornello","stove"
"la foschia","n. f. (mist, fog) sospensione nell'aria di goccioline d'acqua microscopiche, che riduce la visibilità;"
"fraintendere","misunderstand"
"di fretta","in a rush"
"frizzante","adj. (di vino) fizzy, sparkling; (di persona) effervescent, bubbly)"
"fucile","rifle"
"funzionare","work"
"la funzione","f. (function) attività determinata da mansioni specifiche connesse a una carica, a un ufficio e simile; (role) ruolo, valore, compito, finalità"
"fuori di sé","out of his mind"
"furbo","smart"
"galleggiare","float"
"gambero","shrimp"
"gasato","pumped"
"gattara","cat lady"
"gelido","cold"
"gettonato","popular"
"giacere","lie"
"girare in lungo e in largo","v. to go far and wide"
"giretto","ride"
"gironzolare","vi. (in modo pigro) to wander about; loiter; avere gironzolato"
"giurare","vt. to swear, vow; avere giurato"
"giustamente","rightly"
"giù","down"
"goccia","drop"
"gonfiarsi","swell"
"gonfio","swollen"
"la grandine","f. (hail) precipitazione violenta dei pezzi di ghiaccio | l'insieme dei pezzi di ghiaccio caduti durante tale precipitazione"
"il grembiule","m. (apron, coverall) indumento, con o senza pettorina, che ricopre la parte anteriore del corpo; si lega attorno alla vita e si indossa sopra agli abiti per proteggerli"
"grezzo","raw"
"il gufo","m. (owl) correntemente, rapace notturno degli Strigiformi"
"imbarcare","v. to board, load; fig. to involve, entangle"
"imbattersi (in)","v. (trovare per caso) to run (into), bump (into), come across"
"imbracciare","vt. (fucile, grande cosa) to shoulder, grasp; avere imbracciato"
"l'imbroglio","m. (tangle) viluppo, groviglio; situazione confusa o difficile; fig. (trick) truffa, frode, raggiro, inganno"
"imbucare","vt. to post (British), mail (US); avere imbucato"
"impantanarsi (il pantano)","vr. to get stuck in a swamp; fig. to get bogged down; essersi impantanato"
"impantanarsi nei dettagli","v. to get bogged down in the details"
"impiegare","vt. (usare, utilizzare) to use, employ; (metterci: quantità di tempo) to take; avere impiegato"
"impolverato","dusty"
"imponente","imposing"
"impostato","set"
"impostazione","setting"
"imprenditoriale","entrepreneurial"
"imprevedibile","adj. unpredictable, unforseeable"
"imprevisto","unexpected"
"impugnare","vt. (pistola, piccola cosa) to grasp, seize; avere impugnato"
"impugnatura","handle"
"inazitutto","first of all"
"incantevole","charming"
"incarnare","embody"
"incazzare","piss off"
"inchiarsi","bow"
"inchieste","investigations"
"inchinare","bow"
"inciampare","trip"
"incrollabile","unwavering"
"incuiosito","intrigued"
"incuriosito","intrigued"
"indesiderato","adj. (cattivo, malevolo) unwelcomed, undesired"
"indiscusso","undisputed"
"l'indizio","m. (evidence) segno o situazione per mezzo dei quali è possibile ricostruire un fatto già accaduto o prevederne uno con fondatezza; (sign, clue) segnale, traccia"
"indubbio","adj. (certo, sicuro) undoubted, certain, sure"
"indugiare","linger"
"infame","infamous"
"infine","finally"
"l'ingranaggio","m. (gear) meccanismo che trasmette il movimento per mezzo di ruote dentate"
"innervosirsi","vr. (rendere nervoso) to get nervous; essersi innervosito"
"inoltrare","forward"
"inserzione","insertion"
"insipido","adj. tasteless, insipid; essersi innervosito"
"insolito","unusual"
"inspirare","vt. to inhale; to breathe in; avere inspirato"
"interagire","vi. <interagisco> to interact; avere interagito"
"intrattenimento","entertainment"
"l'intrattenimento","m. (entertainment) divertimento, passatempo"
"l'intreccio","m. (braid, weave) l'intrecciare, l'intrecciarsi; (entanglement) complesso di elementi intrecciati | garbuglio; (plot) complesso dei fatti che, nell'ordine scelto dell'autore, costituiscono la trama di romanzi, drammi, film, intrigue | trama, argomento"
"invadente","adj. (invasivo) instrusive, obtrusive"
"invecchiare","age"
"l'ipocondriaco","m. <f. -a> (hypochondriac) che (o chi) è affetto da ipocondria"
"ironico","adj. ironic, ironical"
"l'isolamento","m. (isolation) condizione di chi vive appartato o di chi è isolato; (insulation) materiali usati allo scopo di ostacolare il propagarsi di onde sonore, o il passaggio del calore e della corrente elettrica"
"laggiù","over there"
"lascia perdere","never mind"
"lasciar stare","left alone"
"lassù","up there"
"lavandino","sink"
"la lavastoviglie","f. <inv> (dishwasher) macchina per il lavaggio automatico delle stoviglie"
"legame","bond"
"leggiù","over there"
"letamaio","dunghill"
"lettino","cot"
"levato","raised"
"liceo","high school"
"lieto","happy"
"limaccioso","muddy"
"limpido","clear"
"a livello di","avv. (at the level of) relativamente al grado, alle mansioni, alle competenze e sim. delle persone cui si fa riferimento | (in terms of) sotto il profilo, per quanto riguarda, in fatto di"
"a livello di","in terms of"
"lo scaffale","m. (bookshelf, bookcase) tipo di mobile, composto da una serie di ripiani sovrapposti sui quali si ripongono libri od oggetti di qualsiasi genere"
"lo scontrino","m. (receipt, ticket, slip) piccolo biglietto di riscontro che serve a comprovare un pagamento, a testimoniare il diritto a una prestazione, l'adempimento di un obbligo e sim."
"lo scontro","n. m. (crash, collision) cozzo violento di due o più veicoli; (clash) mischia, combattimento | combattimento di breve durata tra forze contrapposte di limitata consistenza; (confrontation) accesa polemica, aspro confronto"
"lo sfasamento","m. electr. (the difference in the pase of two waves) differenza di fase tra due grandezze alternate di ugual periodo; fig., colloq. (confusion, bewilderment) stato di disorientamento, di confusione"
"lo smistamento","m. (sorting, routing) operazione dello smistare"
"lo spaesamento","m. (disorientation) disorientamento, smarrimento"
"lo spiffero","m. (draft) soffio di vento proveniente da una stretta apertura"
"lo spumante","m. (sparkling wine) detto di vino frizzante, gener. bianco, che produce schiuma e perlage quando viene stappato e versato nel bicchiere"
"lo spuntino","m. (snack) pasto leggero che si consuma tra i pasti principali o in sostituzione di uno di essi"
"lo sviluppatore","m. <f. -trice> (developer) chi sviluppa"
"lo sviluppo","m. (development) espansione, potenziamento, incremento; svolgimento, trattazione di un tema | <spec. al pl.> evoluzione, svolgimento successivo, esito"
"lobster","aragosta"
"il lucchetto","m. (padlock) serratura metallica mobile, con gambo diritto o ricurvo da infilare in occhielli, che si applica a bauli, valigie, porte"
"lucido","polished"
"ludico","playful"
"lungo il tempo","along the years"
"lusso","luxury"
"macellare","slaughter"
"macello","slaughterhouse"
"mai e poi mai","Never"
"il malaffare","n. m. (ill repute, ill fame) nel linguaggio giornalistico, insieme di affari illeciti"
"la mancia","f. (restaurant tip) sovrappiù sul compenso dovuto che si dà a chi presta un servizio"
"mandare avanti","run"
"il manico","m. (handle neck) parte di un oggetto o di uno strumento, che serve per sollevarlo o per maneggiarlo"
"maniglia","handle"
"il mansionario","m. (job description) elenco delle mansioni che un lavoratore dipendente svolge in base al proprio livello di inquadramento"
"la mansione","f. (duty, task) compito da svolgere; pl. insieme delle attività per il cui svolgimento è assunto il lavoratore"
"mantenere l'attenzione","keep the focus"
"mantenere la macchina in funzione","Keep the machine running"
"mantenere le promesse","keep promises"
"il manuale","m. manual, handbook"
"manutenzione","maintenance"
"mascalzone","rascal"
"mazza","bat"
"me ne faccio","do I do"
"melmoso","muddy"
"mensile","adj. monthly"
"mensile","monthly"
"la mensola","f. (wall shelf) supporto in legno, stucco, pietra o marmo, per lo più di forma rettangolare, infisso alla parete di una stanza, talora mediante sostegni, per ornarla o reggere piccoli oggetti e suppellettili d'uso domestico; (cantilever) struttura architettonica, talvolta con motivi ornamentali, sporgente da una superficie verticale allo scopo di sostenere una o più strutture sovrastanti"
"mescere","vt. (solo per vino) to pour (out)"
"mescolare","vt. to mix, stir, blend, shuffle; avere mescolato"
"mettersi a","get"
"mi preme sottolineare","I would like to stress"
"mi sa che","I think"
"miele","honey"
"migliore","best"
"mischiare le carte","shuffle the cards"
"il mistero","m. (mystery, secret) fatto o fenomeno inspiegabile razionalmente | (enigma) aspetto oscuro, difficilmente comprensibile"
"mito","myth"
"mollare tutto","v. to drop everything"
"mollare","give up"
"molo","pier"
"mortacci tua","damn you"
"mortorio","morgue"
"mossa","move"
"il motopeschereccio","m. (motor fishing boat) peschereccio a motore"
"il mucchio","m. (heap, pile) insieme di cose riunite, specialmente disordinatamente | notevole quantità"
"la multipresa","f. (powerstrip) dispositivo con prese elettriche multiple"
"naso all'insù","nose in the air"
"il nastro trasportatore","m. (conveyor belt) piano scorrevole per il trasporto di oggetti"
"il nastro","m. (ribbon, tape) tessuto sottile, stretto e di varia lunghezza, per guarnizioni e legature; tutto ciò che ha forma di nastro"
"la nebbia","f. (fog) sospensione nell'aria e presso il suolo di microscopiche goccioline del vapore acqueo; fig. ciò che costituisce un offuscamento per la comprensione o l'intelligenza"
"nebbia","fog"
"nel bene e nel male","in good and evil"
"nocciola","hazelnut"
"noioso","adj (fastidioso, tedioso) boring; tedious, dull"
"noioso","boring"
"non (ne) avere la più pallida idea","v. to not have the slightest idea (about it)"
"non mi ha preso","didn't get me"
"non so dire","I can't tell"
"oblò","porthole"
"occhiali","glasses"
"occuparsi","deal with"
"odioso","hateful"
"l'omaggio","m. (homage, tribute) espressione di rispetto, considerazione o stima nei confronti | offerta, dono; (freebie) prodotto offerto in regalo a scopo pubblicitario"
"one time or another","una volta o l'altra"
"optometrista","optometrist"
"l'opzione","f. (option) libera scelta fra due o più possibili soluzioni o alternative"
"organizzativo","adj. (aziendale) organizational"
"ossia","conj. (ovvero, in oltre parolle) that is, to be precise; or rather"
"l'ostacolo","m. anche fig. (obstacle, hurdle) tutto ciò che costituisce un intralcio, un impedimento"
"l'ottimismo","m. (optimism) attitudine a cogliere gli aspetti positivi delle cose, ad avere fiducia del futuro"
"pacco","package"
"il palato","m. (palate) parte superiore del cavo orale, tra la bocca e la cavità nasale; fig. (taste) senso del gusto, sensibilità ai sapori"
"pallavolo","volleyball"
"il paragone","m. (comparison) analisi o esame comparativo tra due o più persone o cose, che dà luogo a un giudizio o a una scelta; esempio, confronto che si stabilisce fra due elementi analoghi"
"pare che","apparently"
"parecchio","a lot"
"parecchio","pretty"
"parete","wall"
"partecipazione","participation"
"pastiglia","pill"
"patto","pact"
"peccato","sin"
"peggiore","worst"
"il pensionato","m. <f. -a> (pensioner, retiree) chi riceve una pensione; (boarding house) istituto che accoglie persone spec. sole, fornendo loro vitto, alloggio ed eventuali servizi connessi, dietro il pagamento di una somma stabilita"
"pensione","pension"
"per carità","for pity's sake"
"per lo più","mostly"
"per mezzo di","by means of"
"perdere di vista","v. to lose sight (of), lose track (of)"
"perlomeno","at least"
"permaloso","adj. (irritabile, suscettibile) thin-skinned, touchy"
"il permesso","m. (permission, consent) autorizzazione, consenso verbale o scritto con cui a qlcu. viene concesso di fare qlco.; (clearance) breve licenza concessa a militari, impiegati e sim. di star lontano dall'ufficio, dal reparto e sim."
"permettersi","afford"
"permettersi","v. tr. pron. (to afford) concedersi qlco. spec. che comporti una spesa | (to allow o.s.) consentirsi"
"persino","adv. (perfino) even, just"
"persino","even"
"il peschereccio","m. (barca da pesca) (fishing boat, trawler) imbarcazione attrezzata per la pesca professionale"
"pessima","bad"
"il pessimismo","m. (pessimism) attitudine a cogliere gli aspetti negativi delle cose, a giudicarle dal loro lato peggiore, a non avere fiducia nel futuro"
"pestare","vt. (schiacciare) to crush, grind; (calpestare) to trample, step on; avere pestato"
"pietra","stone"
"pila","stack"
"pinacoteca","art gallery"
"pioggia","rain"
"piovigginava","it drizzled"
"il pisolino","m. <diminutivo di pisolo> (snooze, nap) sonno leggerissimo e di breve durata"
"la pista","f. (track, course) traccia, orma | est. percorso tracciato dal passaggio continuo di persone, animali o veicoli | fig. insieme di circostanze, tracce, indizi che contribuiscono alla soluzione di qlco.; impianto sportivo costituito da un circuito in genere ellissoidale su cui si svolgono corse atletiche, ciclistiche, ippiche, motoristiche"
"piuttosto","rather"
"più che altro","mostly"
"poligono","shooting range"
"di pongo","in spew"
"postazione","station"
"pozzanghere","puddles"
"precipitevolissimevolmente","precipitably"
"pregio","value"
"prendere in braccio","v. to take into one's arms"
"la preoccupazione","f. (preoccupation) stato d'animo, condizione di chi è in apprensione, in ansia e sim. [+ che seguito da congtv., + su, + per]; (worry) persona, cosa o fatto che preoccupa; (concern) pensiero, cura [+ di]"
"presa","grip"
"presentimento","feeling"
"prestante","adj. (forma del corpo) handsome, well-built, good-looking"
"il prestigio","m. (prestige, status) grande autorevolezza, alta considerazione e rispetto acquisiti in base ai propri meriti, alla condizione sociale, e sim."
"presunzione","presumption"
"previsto","adj. expected, planned, scheduled"
"previsto","expected"
"prima di tutto","first of all"
"la priorità","f. <inv> anteriorità, precedenza nel tempo; (priority) precedenza ideale per motivi di maggior validità, importanza e urgenza | ciò che è considerato preminente"
"procedere","proceed"
"produrre","vt. (fabbricare) to produce, manufacture, make; yield, bear; avere prodotto"
"profetizzare","prophesy"
"progredire","vi. to progress; (persona) essere progreditol (cosa) avere progredito"
"la prolunga","f. qualunque elemento che serve ad allungare attrezzi, macchine, oggetti e sim. | (extension cord) filo elettrico che termina a un capo con una spina e all'altro con una presa, usato per rendere più lungo il cavo di alimentazione di uno strumento elettrico"
"il proposito","m. (purpose) fermo proponimento di fare qlco. o di seguire un dato comportamento | (intention, aim) intendimento, intenzione | est. fine, scopo; tema, argomento, materia di un discorso"
"il proprietario","m. <f. -ia> (owner, proprietor, landlord) chi ha la proprietà di qlco."
"la proprietà","f. <inv> caratteristica particolare che distingue una cosa dalle altre o un essere dagli altri; (property) bene, mobile o immobile, che si possiede; est. (proprietor) chi detiene la proprietà di un'azienda o sim."
"provare a scroprire il colpevole","to try to discover the culprit"
"provenire","come"
"la pubblicità","f. <inv> (publicity) condizione di ciò che è pubblico; divulgazione, diffusione tra il pubblico; (advertising) attività aziendale diretta a far conoscere l'esistenza di un bene o servizio e a incrementarne il consumo e l'uso; est. (advertisement) qualsiasi forma di annuncio diretto al pubblico per scopi commerciali"
"il pudore","m. (modesty) naturale sentimento di riserbo per quanto riguarda la sfera sessuale, la nudità e sim.; (discretion) senso di riserbo, di discrezione, di rispetto di sé e degli altri:"
"pudore","modesty"
"pulsante","button"
"punteggio","score"
"pure di meno","less"
"puzzare","smell"
"il puzzo","m. (stink, stench) odore sgradevole, cattivo odore; fig. colloq. sentore, indizio eloquente"
"a quanto pare","apparently"
"a quanto pare","avv. (apparently, evidently) evidentemente, con tutta probabilità"
"in quanto tale","as such"
"il raccolto","m. (crop, harvest, yield) insieme dei frutti raccolti o da raccogliersi nell'annata"
"raffigurare","depict"
"la ragione","f. (reason) la facoltà di pensare stabilendo rapporti e legami tra i concetti, di giudicare bene discernendo il vero dal falso, il giusto dall'ingiusto; (argument) argomentazione, prova, dimostrazione usate per persuadere qlcu., confutare un ragionamento o dimostrarne la validità; (right) appartenenza di diritto, competenza; (motive) causa giusta, legittimo motivo che spiega un fatto o un'azione | est. causa, motivo"
"il rammarico","m. (regret) espressione di rincrescimento, di dispiacere; rimpianto; amarezza, afflizione"
"in rapida ascesa","fast-growing"
"il rapimento","m. (kidnapping, abduction) atto di chi sottrae e trattiene qlcu. con la forza, con l'inganno"
"il rasoio","m. (razor) strumento per radere costituito da una lama affilatissima e da un manico che le fa da impugnatura e da custodia"
"la rassegna","f. milit. (muster) rivista; est. (inspection) esame accurato di persone o cose | esame minuzioso di fatti, circostanze, avvenimenti; (festival, exhibition) mostra, esposizione, concorso"
"ravvivare","revive"
"razza","race"
"recensione","review"
"redattore, -trice","editor; (articolo) writer; (dizionario) compiler"
"redditizio","profitable"
"regista","n. m. (director, producer) responsabile del coordinamento, dell'impostazione e del risultato artistico di uno spettacolo o di un programma radiotelevisivo; fig. chi organizza e dirige un'attività | chi elabora un piano, chi coordina e dirige, spesso in modo non manifesto, una trattativa, un'iniziativa, ecc."
"la relazione","f. (relation) legame, rapporto fra due cose, due o più fenomeni, e sim. | (connection) stretto nesso esistente tra due o più concetti, fatti, fenomeni ognuno dei quali richiama direttamente l'altro; (relationship) rapporto o vincolo di natura economica, affettiva e sim. tra persone | <al pl.> conoscenze, amicizie; (report) resoconto scritto od orale svolto su un dato argomento"
"reputare","consider"
"la reputazione","f. (reputation) opinione nei riguardi di qlcu. | assol. considerazione, stima;"
"respirare","breathe"
"respiro","breath"
"restituire","vt. <restituisco> (rispedire, rimborsare) to return, give back; avere restituito"
"la rete","n. f. (net) attrezzo costituito da funi o fili intrecciati a maglie, per prendere pesci, uccelli o altri animali | fig. agguato | fig. insidia, inganno; est. (wire mesh, chain link) intreccio di filo o altro materiale con maglie di misura e forma variabili, usata spec. come struttura di riparo, protezione o sbarramento; sport (goal) nel calcio, nella pallanuoto e in altri sport, porta | fig. punto segnato, gol; insieme di linee, reali o meno, che si intersecano formando come le maglie di una rete; fig. (network) intreccio, insieme articolato od organizzato | radio, tv sistema accentrato e coordinato di trasmissioni o di stazioni trasmittenti"
"riaccendere","rekindle"
"rialzo","rise"
"il riassunto","m. (summary, abstract) esposizione sintetica del contenuto di un testo, di un discorso, di uno spettacolo e sim"
"ribadire","reiterate"
"ribaltare","turn"
"ricettacolo","receptacle"
"riempire","fill"
"riferimento","reference"
"riferire","report"
"rifornire","supplying"
"riga","line"
"rilevare","detect"
"rimandare","postpone"
"rimettere","put"
"il rimpianto","m. (mourning) ricordo dolente e nostalgico di qlcu. o qlco. che si è perduto; (regret) doloroso rammarico spec. per qlco. che non si è fatto"
"rincoglionito","senile"
"rincorrere","chase"
"rinforzare","vt. to strengthen, reinforce; fig. to intensify; avere rinforzato; vi. to strengthen, intensify; essere rinforzato"
"rinunciare","vi. to renounce, give up, forgo; avere rinunciato"
"riprendere","v. tr. pron. resume"
"riscaldamento","heating"
"risparmiare tempo","v. to save time"
"risparmiare","vt. (i soldi, tempo) to save, save up; avere risparmiato"
"risvegliarsi","wake up"
"rituale","ritual"
"in riva al fiume","by the river"
"in riva al mare","by the sea"
"rivalry","La <em class=""both"">rivalità<hend> tra i fratelli può infiammarsi per le piccole cose."
"rivista","magazine"
"rotella","wheel"
"la rotta","f. (route) percorso seguito da una nave in mare o da un aeromobile in aria; (course) viaggio, percorso, compiuto o da compiere, secondo una direzione o verso una meta prefissata:"
"rovinare","ruin"
"rubare","vt. to steal, commit a theft; avere rubaro"
"ruota","wheel"
"la salita","f. (climb, uphill)  azione del salire | arrampicata, come esercizio ginnico; (ascent) percorso, strada, per cui si sale"
"in salita","uphill"
"saltare in aria","blow up"
"salute mentale","n. f. mental health"
"sapere da che parte","to know which side, know whose side"
"sarcastico","agg. (sarcastic) che contiene o esprime sarcasmo"
"sbarazzarsi (di)","vr. (liberarsi) to get rid of; essersi sbarazzato"
"sbarcare il lunario","make ends meet"
"sbarcare","vt. (merce) to unload; to disembark, land"
"sbarco","landing"
"sbirciare dalla finestra","to peek from the window"
"sbirciare","vt. to peep or peek (at); avere sbirciato"
"sbrigare","attend to"
"scacciare","vt. to drive away, chase away; to throw out, turn out; avere scacciato"
"scadente","poor"
"la scadenza","f. (expiration, expiry) termine di tempo oltre il quale cessa la validità di un documento, di un prodotto e sim. | (deadline) termine entro il quale si deve effettuare un pagamento, adempiere un'obbligazione e sim. | (term, limit) termine posto alla durata di una carica, di un incarico lavorativo e sim."
"scaricare","vt./vi. (svuotare) to unload, discharge; to download; avere/essere scaricato"
"scarlattina","scarlet fever"
"scarso","adj. scarce, poor, weak"
"scatenare","vt. (reazione, rabbia) to suddenly give rise to, provoke; to unleash; avere scantenato"
"scattolina","box"
"la sceneggiatura","f. (screenplay) testo definitivamente elaborato di un film o di un programma televisivo, con le annotazioni tecniche necessarie al lavoro di produzione"
"scettiche","skeptical"
"scheda","card"
"schiuma da barba","shaving cream"
"la schiuma","f. (froth) aggregato instabile di piccole bolle che si forma alla superficie dei liquidi per effetto dell'ebollizione o di un'agitazione violenta o del gorgogliamento in essi di aria o gas | prodotto schiumoso da toilette, confezionato in bomboletta spray; est. (foam) bava schiumosa che si forma sulla bocca degli animali | est. sudore schiumoso che si forma sul corpo dei cavalli molto affaticati"
"la scia","f. (wake) traccia spumosa che un'imbarcazione lascia dietro di sé sulla superficie dell'acqua | est. (trail, footsteps) traccia di fumo, odore, profumo e sim. che una persona o una cosa lasciano dietro di sé nel passare: la scia di un aereo a reazione"
"scoglio","rock"
"scolorire","discolor"
"scomparire","disappear"
"scomparire","vi. (sparire) to disppeared, vanish; essere scomparso"
"scompartimento","compartment"
"scondito","adj. plain, unseasoned"
"sconvolgente","shocking"
"scoparsela","fuck her"
"scoppiare","burst"
"scoraggiare","discourage"
"scorrere","slide"
"scorrevole","sliding"
"scorte","stock"
"scozzese","Scottish"
"scremare","skim"
"scrivania","desk"
"scroscio","roar"
"sdraio","deckchair"
"se lo dici tu","if you say so"
"secco","adj. (asciutto) dry, arid; (disseccato) dried"
"sedile","seat"
"selvaggia","wild"
"sempre di più","more and more"
"seppia","sepia"
"seppure","although"
"serbatoio","réservoir"
"serbatoio","tank"
"la serie", "f. <inv> (series) successione ordinata di cose, fatti, persone, connesse tra loro e disposte secondo un certo criterio d'ordine | sequenza, gamma, ventaglio;"
"serratura","lock"
"sfacciato","adj. insolent, cheeky, brazen"
"sfatare","vt. to prove to be false; to bust; avere sfatato"
"sfizioso","delicious"
"sfogliare","browse"
"sfondo","background"
"sfornare","churn out"
"sfornare","vt. to take out of the oven/furnace; (idiomatic: film) to churn, crank out; avere sfornato"
"sgominare","vt. (sconfiggere) to defeat, overcome; to rout"
"sgradevole","unpleasant"
"sgretolato","crumbled"
"siccità","drought"
"sicuro","adj. safe, secure; reliable; (certo) certain. sure"
"simile a","prep. like; similar to"
"sintetico","adj. <-ci, -che> synthetic; (conisco, breve) concise, succint"
"sipario","curtain"
"smarrimento","loss"
"sminuire","diminish"
"smistare","vt. to sort (mail); to shunt (railroad cars); avere smistato"
"soccorso","rescue"
"il socio","m. (member, affiliate, partner) chi partecipa con altri a qlco.; chi è parte di un contratto di società; membro di un'associazione, un circolo e sim. "
"soffrire","vt. suffer, feel, go through; to undergo; to bear, put up with; avere sofferto"
"il solitudine","f. (solitude, lonliness) condizione di chi è, o vive, solo; condizione di un luogo solitario, non frequentato, disabitato"
"sondaggio","survey"
"soprannominare","vt. to nickname; avere soprannominato"
"sorgente","source"
"sorgere","arise"
"il sorteggio","m. (draw) estrazione a sorte"
"sotto casa","downstairs"
"di sotto","below"
"sottobanco","adv. under the counter"
"sottofondo","background"
"sottoveste","f. (petticoat, slip) indumento femminile, a forma di corta tunica scollata e con sottili spalline, che si indossa sotto al vestito"
"spaccare","split"
"spalmabile","spreadable"
"spalmare","spread"
"sparatoria","shooting"
"sparire","disappear"
"sparire","disappear"
"sparire","vi. <sparisco> (scomparire) to disappear; (dissoversi) to vanish; (andarsene) to go away; esere sparso"
"sparito","gone"
"la spartiacque","f. <inv> (watershed) linea di separazione fra gli opposti versanti di due bacini idrografici; fig. (turning point) elemento discriminante"
"spazzola","brush"
"spedizione","shipping"
"spettatore","viewer"
"spingere","push"
"spingere","vt. to push, shove; avere spinto"
"spremuta","juice"
"spudorato","adj. shameless"
"spuntare","tick"
"stabilire","vt. <stabilisco> to establish; (fissare: prezzi, data) to set"
"staccare la spina","pull the plug"
"stampa","press"
"starnutire","sneeze"
"storcere il naso","turn up their noses"
"le stoviglie","f. <spec. al pl.> (dishes, crockery, tableware) ciascun pezzo del vasellame per uso di cucina e di tavola"
"la striscia","f. (strip, band) pezzo stretto e lungo di materiale vario; ciò che ha forma stretta e allungata, simile a una riga | traccia lunga e sottile"
"striscia","strip"
"strumento","tool"
"stufa","stove"
"stufarsi","grow tired"
"subire","vt. <subisco> (essere sottoposto a) to undergo, go through; (partire) to suffer, experience"
"il suggerimento","m. (suggestion, tip, hint) il suggerire | cosa suggerita"
"suggerimento","suggestion"
"sulla scia di","in the wake of, following the footsteps of"
"superare la paura di","overcome the fear of"
"superare","overcome"
"suscitare","vt. to provoke; to arouse; avere suscitato"
"svolgersi","unfold"
"svolgimento","performance"
"tagliare","cut"
"di tanto in tanto","adv. (ogni tanto) occasionally, from time to time, now and then"
"la tappa","f. (stop) luogo designato per una fermata che permetta di riposare o ristorarsi durante un viaggio o uno spostamento di truppe | est. fermata, sosta; (stage, leg) il tratto di strada che separa una sosta dall'altra; fig. momento fondamentale, decisivo"
"tappa","stage"
"tappetino","mat"
"il tasso","m. (rate, level) rapporto tra due fenomeni considerati nell'unità di tempo; banca misura percentuale dell'interesse"
"la tenacia","f. fig. (tenacity) caratteristica di chi (o di ciò che) è tenace"
"tendere","tend"
"tenere duro","vi. (stringere i denti) to resist tenaciously; to refuse to give up; to hold out; avere tenuto duro"
"tenere traccia (di)","v. to keep track (of)"
"tenerezza","tenderness"
"tentativo","attempt"
"in termini di tempo","time-consuming"
"tessera","card"
"tessuto","adj. woven"
"il tessuto","m. (textile, fabric) strato flessibile formato da uno, da due o più sistemi di fili che si incrociano e intrecciano fra loro in determinate direzioni e sotto angoli determinati | prodotto fabbricato in fogli con materiale non tessile; fig. insieme di elementi o di fatti strettamente legati e connessi | 'intreccio degli elementi costitutivi di un insieme"
"tirato su","pulled up"
"tizia","girl"
"toccante","adj. (commovente, emozionante) touching"
"toccata e fuga","n. f. hit and run, in and out"
"torbido","adj. (l'acqua) cloudy, muddy"
"torbido","cloudy"
"la tossicodipendenza","f. (drug addiction) stato di dipendenza fisica o psichica in cui cade chi è solito assumere droghe naturali o sintetiche"
"tosta","tough"
"traboccare","overflow"
"tracce","tracks"
"la traccia","m. (trail) segno lasciato sul terreno da un corpo, un oggetto, un attrezzo | striscia, linea; (track) orma, impronta, pesta lasciata da un uomo o un animale camminando, correndo, ecc.; est. (sign) segno, indizio; (trace) ciò che resta a testimoniare di uno stato, un fatto, una condizione | fig. resti archeologici, vestigia; abbozzo, schizzo che serve da guida per l'esecuzione di un disegno, la realizzazione di un quadro, un'incisione, un affresco | schema di un componimento, sommario con l'indicazione dei punti principali da toccare in un discorso, abbozzo di un lavoro, filo conduttore di una discussione, e sim."
"tracciare","track"
"trafficato","adj. (di una strada) busy with traffic"
"traguardo","finish line"
"tramontare","set"
"trattamento","treatment"
"trattenere","hold"
"la traversata","f. (crossing) attraversamento di un luogo, uno spazio e sim. | viaggio compiuto con mezzi marittimi o aerei seguendo un itinerario che colleghi direttamente il luogo di partenza a quello di arrivo"
"travolgere","vt. (spazzare via) to sweep away, (investire) run over; fig. (sopraffare) to overwhelm; avere travolto"
"truccare","rig"
"il trucco","m. makeup; (trick, sham) artificio con cui si nasconde, si maschera o si falsa la realtà, per trarre gli altri in inganno; (makeup) insieme di operazioni mediante le quali si cerca di migliorare l'estetica del viso | risultato di tali operazioni | insieme di cosmetici per il trucco"
"trucco","makeup"
"la truffa","f. (fraud, scam) reato di chi con artifici o raggiri, inducendo taluno in errore, procura a sé o ad altri un ingiusto profitto con altrui danni; est. frode, raggiro, imbroglio"
"tuffarsi","dive"
"il tuffo","m. (dive, plunge) rapida immersione in un liquido, spec. acqua | fig. l'improvviso calarsi o immergersi in un ambiente o sim.; est. caduta verso il basso | picchiata ripidissima, ma piuttosto limitata, di un aereo" 
"il tuono","m. (thunder, rumble)  manifestazione sonora, consistente in un suono secco e potente o in un brontolio sordo, che accompagna la scarica elettrica atmosferica; (loud roaring noise) strepito, fragore"
"tuta","suit"
"tutti e tre","all three"
"tutto fumo e niente arrosto","All smoke and no roast"
"tutto quanto","whole thing"
"un occhio della testa","n. m. (pagare, costare) to pay/cost an arm and a leg"
"una folta chioma","a thick head of hair"
"una persona invadente","n. f. (nosey) an intrusive person"
"una pietra miliare","a stepping stone"
"unto","anointed"
"usurante","arduous"
"utente","user"
"vagone","car"
"valore","value"
"vantarsi (di)","vr. to boast (about), brag (about); essesrsi vantato"
"il vanto","n. m. (brag, vaunt) il vantare, il vantarsi; vanteria; (boast) ciò che costituisce motivo di lode, pregio, merito e sim. | gloria, merito"
"veicolare","vt. to transmit; fig. (idea) to spread"
"verme","worm"
"la vicenda","f. (story) lett. serie di cose, fatti, avvenimenti, situazioni e sim. che si succedono alternandosi | (affair, event) caso, fatto, evento"
"videoludico","gaming"
"vigliacco","adj. cowardly; contemptible"
"il vigliacco","m. (coward) che (o chi) fugge davanti al pericolo o accetta, senza ribellarsi o reagire, ingiustizie, umiliazioni, soperchierie e sim., imposte a lui stesso o ad altri; (rouge, scoundrel) che (o chi) si impone con la prepotenza a chi è indifeso, compie sopraffazioni, ingiustizie e sim."
"visivamente","visually"
"vivo e vegeto","alive and well"
"il volto","m. (face) viso, faccia; fig. aspetto esteriore, modo di apparire, mostrarsi, manifestarsi; fig. carattere, essenza, natura"
"il vuoto","m. (void, vacuum) spazio completamente privo di materia; spazio libero, non occupato da corpi solidi; spazio vuoto, cavità vuota; fig. mancanza, carenza"
"windshield","parabrezza"
"zanzara","mosquito"
"zenzero","Zingiber"
"zittirsi","belt up"
"zoppicare","limp"
"è calato il silenzio","The silence has fallen"
"è calato un silenzio improvviso","There was a sudden silence"
"è saltato fuori","it turns out"
